name,ra,dec,distance_pc,ra_ssz,dec_ssz,distance_ssz_pc,xi,D_ssz,stretch_factor,phot_g_mean_mag,parallax
Star-0,217.39232147200883,-62.67607511676666,1.3019705311704333,217.39232147200883,-62.67607511676666,2.6039410623408665,1.0,0.5,2.0,8.984749,768.0665391873573
Star-1,269.4485025254384,4.739420051112412,1.828233981355542,269.4485025254384,4.739420051112412,3.656467962711084,1.0,0.5,2.0,8.1939745,546.975939730948
Star-2,164.10319030755974,7.002726940984864,2.408597252748958,164.10319030755974,7.002726940984864,4.817194505497916,1.0,0.5,2.0,11.038391,415.17941567802137
Star-3,165.83095967577933,35.948653032660104,2.5461298549469777,165.83095967577933,35.948653032660104,5.0922597098939555,1.0,0.5,2.0,6.551172,392.75294543876464
Star-4,101.28662552099247,-16.720932526023173,2.6703012063129745,101.28662552099247,-16.720932526023173,5.340602412625949,1.0,0.5,2.0,8.524133,374.489588528761
Star-5,24.771674208211856,-17.947682860008488,2.674910296032687,24.771674208211856,-17.947682860008488,5.349820592065374,1.0,0.5,2.0,10.817838,373.8443122683992
Star-6,24.771554293454543,-17.948299887129313,2.7195203918735054,24.771554293454543,-17.948299887129313,5.439040783747011,1.0,0.5,2.0,10.507542,367.71189618147696
Star-7,282.4587890175222,-23.83709744872712,2.9759548649868903,282.4587890175222,-23.83709744872712,5.951909729973781,1.0,0.5,2.0,9.126414,336.0266016683708
Star-8,355.4800152581559,44.17037570074776,3.159745481768476,355.4800152581559,44.17037570074776,6.319490963536952,1.0,0.5,2.0,10.379277,316.4811867822692
Star-9,53.22829341517546,-9.458168216292322,3.219810408490127,53.22829341517546,-9.458168216292322,6.439620816980254,1.0,0.5,2.0,3.465752,310.5772928005821
Star-10,346.5039166796005,-35.8471642082214,3.2880095551861235,346.5039166796005,-35.8471642082214,6.576019110372247,1.0,0.5,2.0,6.5220323,304.1353692001036
Star-11,176.93768799004127,0.7991199702364985,3.374897355164646,176.93768799004127,0.7991199702364985,6.749794710329292,1.0,0.5,2.0,9.601,296.3053079139394
Star-12,316.753662752556,38.75607277205679,3.4964380683468383,316.753662752556,38.75607277205679,6.992876136693677,1.0,0.5,2.0,5.4506445,286.0053518616485
Star-13,316.7484792940004,38.76386244649797,3.496565257389728,316.7484792940004,38.76386244649797,6.993130514779456,1.0,0.5,2.0,4.766713,285.9949482957812
Star-14,280.6830708352289,59.638357907754816,3.5231101472943926,280.6830708352289,59.638357907754816,7.046220294588785,1.0,0.5,2.0,7.854393,283.8401180184389
Star-15,280.68308624583415,59.635145454818776,3.523139318605643,280.68308624583415,59.635145454818776,7.046278637211286,1.0,0.5,2.0,8.524704,283.8377678450057
Star-16,4.613226257557736,44.02478674398518,3.5624356913539748,4.613226257557736,44.02478674398518,7.1248713827079495,1.0,0.5,2.0,7.218567,280.706821579123
Star-17,4.625300681217554,44.02874451664357,3.5625891382907127,4.625300681217554,44.02874451664357,7.125178276581425,1.0,0.5,2.0,9.686646,280.6947310460246
Star-18,127.45009240230564,26.77328596508202,3.5810252189347667,127.45009240230564,26.77328596508202,7.162050437869533,1.0,0.5,2.0,12.167455,279.2496391012477
Star-19,330.8724078795965,-56.79725466122902,3.638438981826665,330.8724078795965,-56.79725466122902,7.27687796365333,1.0,0.5,2.0,4.322904,274.8431415216296
Star-20,26.009055057160104,-15.933680200693855,3.652170961142577,26.009055057160104,-15.933680200693855,7.304341922285154,1.0,0.5,2.0,3.3003998,273.80974511859966
Star-21,54.00339387736301,-44.51436231604776,3.674288427908632,54.00339387736301,-44.51436231604776,7.348576855817264,1.0,0.5,2.0,10.995456,272.16154083178225
Star-22,331.076452596564,-56.79381206688221,3.6946991407427134,331.076452596564,-56.79381206688221,7.389398281485427,1.0,0.5,2.0,18.030664,270.6580324694526
Star-23,18.13325425370941,-16.996154872479234,3.71668036033956,18.13325425370941,-16.996154872479234,7.43336072067912,1.0,0.5,2.0,10.436525,269.05730465038937
Star-24,111.85462844259372,5.209382701706996,3.786058930389869,111.85462844259372,5.209382701706996,7.572117860779738,1.0,0.5,2.0,8.576388,264.12689775460655
Star-25,43.26964247679057,16.86437381897744,3.831587320084787,43.26964247679057,16.86437381897744,7.663174640169574,1.0,0.5,2.0,12.263103,260.9884406804728
Star-26,77.9599373502188,-45.0438126993602,3.933932077122271,77.9599373502188,-45.0438126993602,7.867864154244542,1.0,0.5,2.0,8.063552,254.19859326384577
Star-27,319.2950181380955,-38.872456400701786,3.969633538609601,319.2950181380955,-38.872456400701786,7.939267077219202,1.0,0.5,2.0,5.984104,251.9124222107058
Star-28,281.29804386226,-63.96056736658412,4.005364851523573,281.29804386226,-63.96056736658412,8.010729703047145,1.0,0.5,2.0,14.005345,249.6651458904217
Star-29,162.05388771666577,-39.93962594730691,4.045052387065994,162.05388771666577,-39.93962594730691,8.090104774131987,1.0,0.5,2.0,14.005882,247.21558692230732
Star-30,247.57481416249277,-12.66785108081103,4.307764238399739,247.57481416249277,-12.66785108081103,8.615528476799478,1.0,0.5,2.0,8.801877,232.13898083974132
Star-31,12.296740250462332,5.376556608426358,4.314436111908938,12.296740250462332,5.376556608426358,8.628872223817876,1.0,0.5,2.0,12.299163,231.7799995322092
Star-32,188.3144928018531,9.022091624851694,4.326784785759761,188.3144928018531,9.022091624851694,8.653569571519522,1.0,0.5,2.0,11.235116,231.11849780261377
Star-33,1.3832841523481234,-37.36774402806293,4.345992568835256,1.3832841523481234,-37.36774402806293,8.691985137670512,1.0,0.5,2.0,7.6824937,230.09703402875448
Star-34,30.058987047653364,13.044071201123836,4.4696315690373,30.058987047653364,13.044071201123836,8.9392631380746,1.0,0.5,2.0,10.681062,223.73208720990556
Star-35,188.3146767758809,9.021829208339808,4.474723930280812,188.3146767758809,9.021829208339808,8.949447860561625,1.0,0.5,2.0,11.240162,223.4774738242332
Star-36,264.1040525731971,68.3334976375916,4.549802251285675,264.1040525731971,68.3334976375916,9.09960450257135,1.0,0.5,2.0,8.02864,219.78977211974916
Star-37,262.1701639221161,-46.89910489864381,4.552775172255158,262.1701639221161,-46.89910489864381,9.105550344510316,1.0,0.5,2.0,8.336431,219.64625138839503
Star-38,162.05518399901217,-11.342803319735204,4.559335387524727,162.05518399901217,-11.342803319735204,9.118670775049454,1.0,0.5,2.0,12.837447,219.33021263059615
Star-39,176.45664661730092,-64.843052846102,4.636600125791626,176.45664661730092,-64.843052846102,9.273200251583251,1.0,0.5,2.0,11.423104,215.67527344818544
Star-40,298.48192590176114,44.41290615922913,4.660385954058287,298.48192590176114,44.41290615922913,9.320771908116575,1.0,0.5,2.0,11.908311,214.5745030256979
Star-41,343.3241110018443,-14.266689393516607,4.672067819639273,343.3241110018443,-14.266689393516607,9.344135639278546,1.0,0.5,2.0,8.875059,214.0379888743159
Star-42,161.08527551332452,-61.20263830459439,4.83162335968976,161.08527551332452,-61.20263830459439,9.66324671937952,1.0,0.5,2.0,11.859422,206.96977507456424
Star-43,1.6763504259443918,-7.54647532525976,4.846134286424774,1.6763504259443918,-7.54647532525976,9.692268572849548,1.0,0.5,2.0,11.773832,206.3500392057332
Star-44,43.77198593477078,-47.01672835622661,4.8679546518290975,43.77198593477078,-47.01672835622661,9.735909303658195,1.0,0.5,2.0,18.57293,205.42508538452748
Star-45,152.8329289582321,49.451988897100506,4.870569914298463,152.8329289582321,49.451988897100506,9.741139828596927,1.0,0.5,2.0,5.9611735,205.31478196510724
Star-46,166.34205974427476,43.53094856108456,4.90466333147386,166.34205974427476,43.53094856108456,9.80932666294772,1.0,0.5,2.0,7.912665,203.8875927696954
Star-47,166.35208967877313,43.52590762036144,4.905992744211656,166.35208967877313,43.52590762036144,9.811985488423312,1.0,0.5,2.0,12.257253,203.83234385738783
Star-48,154.89881370110675,19.869809905451323,4.965085000459092,154.89881370110675,19.869809905451323,9.930170000918183,1.0,0.5,2.0,8.204091,201.40642101948623
Star-49,323.3912518776402,-49.01263039681064,4.967088115558056,323.3912518776402,-49.01263039681064,9.934176231116112,1.0,0.5,2.0,7.739947,201.3251983325545
Star-50,264.26088738973226,-44.32338224303842,5.007651659668271,264.26088738973226,-44.32338224303842,10.015303319336542,1.0,0.5,2.0,9.602153,199.6944012807481
Star-51,63.830787524383176,-7.672952135407352,5.007735116119533,63.830787524383176,-7.672952135407352,10.015470232239066,1.0,0.5,2.0,9.54224,199.6910732720413
Star-52,63.80795300602079,-7.668077815019981,5.009818934047725,63.80795300602079,-7.668077815019981,10.01963786809545,1.0,0.5,2.0,4.179894,199.6080124181338
Star-53,63.82965602087436,-7.670903382610344,5.013747228688032,63.82965602087436,-7.670903382610344,10.027494457376063,1.0,0.5,2.0,9.775309,199.45161859738877
Star-54,341.7028254522359,44.3319533233193,5.0515944358575045,341.7028254522359,44.3319533233193,10.103188871715009,1.0,0.5,2.0,9.005235,197.9573009467556
Star-55,134.5586915113887,19.76257888198771,5.095231766067857,134.5586915113887,19.76257888198771,10.190463532135714,1.0,0.5,2.0,12.48557,196.2619260343735
Star-56,271.36591160903725,2.4941987580927343,5.105783367734121,271.36591160903725,2.4941987580927343,10.211566735468242,1.0,0.5,2.0,5.5392184,195.85633153170517
Star-57,271.364453818457,2.495224095912567,5.113327846832172,271.364453818457,2.495224095912567,10.226655693664345,1.0,0.5,2.0,3.987364,195.5673545594233
Star-58,134.55918967906837,19.762959843487355,5.150807689920019,134.55918967906837,19.762959843487355,10.301615379840038,1.0,0.5,2.0,11.96628,194.14430904826264
Star-59,226.70263614661923,70.46161913358111,5.156201115944601,226.70263614661923,70.46161913358111,10.312402231889202,1.0,0.5,2.0,20.199528,193.9412326077981
Star-60,90.01597644159976,2.7063740799024933,5.207968173719361,90.01597644159976,2.7063740799024933,10.415936347438722,1.0,0.5,2.0,9.901327,192.01346218785216
Star-61,124.37351805519964,-61.91613022264878,5.21277939085435,124.37351805519964,-61.91613022264878,10.4255587817087,1.0,0.5,2.0,20.009703,191.83624032785028
Star-62,176.9394079814786,78.69329745305299,5.254166557993327,176.9394079814786,78.69329745305299,10.508333115986654,1.0,0.5,2.0,9.551337,190.32514271529303
Star-63,235.1951774625917,-51.02810130690448,5.326828049328511,235.1951774625917,-51.02810130690448,10.653656098657022,1.0,0.5,2.0,12.7359295,187.7289806878707
Star-64,75.4868052125233,-6.948587409027854,5.374996643902874,75.4868052125233,-6.948587409027854,10.749993287805747,1.0,0.5,2.0,10.649305,186.04662779359128
Star-65,206.4405658448607,14.885052704598571,5.434894991256834,206.4405658448607,14.885052704598571,10.869789982513668,1.0,0.5,2.0,7.6105833,183.99619525468464
Star-66,67.81389197465391,58.969481205135885,5.516541121244473,67.81389197465391,58.969481205135885,11.033082242488947,1.0,0.5,2.0,12.33619,181.2730074917688
Star-67,67.80919062832808,58.96797997154744,5.517428925853836,67.80919062832808,58.96797997154744,11.034857851707672,1.0,0.5,2.0,9.702565,181.2438390124341
Star-68,103.70012922713916,33.266408018167255,5.584628669736241,103.70012922713916,33.266408018167255,11.169257339472482,1.0,0.5,2.0,8.863551,179.06293491259635
Star-69,313.1361327596479,-16.974558468206272,5.620149134079134,313.1361327596479,-16.974558468206272,11.240298268158268,1.0,0.5,2.0,10.081701,177.93122142191174
Star-70,278.90744884954285,32.994787158699616,5.688509718027581,278.90744884954285,32.994787158699616,11.377019436055162,1.0,0.5,2.0,14.850962,175.79296679952537
Star-71,82.86754111476276,-3.6865276019053095,5.704079110514413,82.86754111476276,-3.6865276019053095,11.408158221028826,1.0,0.5,2.0,7.1082892,175.31313655111924
Star-72,224.97665286074596,-18.53775641089888,5.746290772483888,224.97665286074596,-18.53775641089888,11.492581544967775,1.0,0.5,2.0,20.435377,174.02530425165742
Star-73,92.64357908167638,-21.86782311323394,5.761231991098029,92.64357908167638,-21.86782311323394,11.522463982196058,1.0,0.5,2.0,7.3134713,173.57398583239672
Star-74,293.09759805108064,69.65345106254792,5.763891077773407,293.09759805108064,69.65345106254792,11.527782155546815,1.0,0.5,2.0,4.449041,173.49391001786597
Star-75,85.547707594821,12.482359917793618,5.791185005001267,85.547707594821,12.482359917793618,11.582370010002535,1.0,0.5,2.0,10.11378,172.67623105398982
Star-76,224.37159427348143,-21.42314039626168,5.886360157633197,224.37159427348143,-21.42314039626168,11.772720315266394,1.0,0.5,2.0,5.3640366,169.8842702825854
Star-77,266.6334444727895,-57.32506180218072,5.889136001075998,266.6334444727895,-57.32506180218072,11.778272002151995,1.0,0.5,2.0,9.592273,169.8041953551915
Star-78,290.20411626707914,-45.57110617010142,5.90894022941132,290.20411626707914,-45.57110617010142,11.81788045882264,1.0,0.5,2.0,10.752913,169.23508466417934
Star-79,357.3066038231343,2.3969179441959985,5.909595145046433,357.3066038231343,2.3969179441959985,11.819190290092866,1.0,0.5,2.0,8.152917,169.21632962255026
Star-80,289.2276515036191,5.162976302668586,5.915007075883356,289.2276515036191,5.162976302668586,11.830014151766711,1.0,0.5,2.0,8.099911,169.06150528157374
Star-81,233.0469274248337,-41.28017408697192,5.917282054313164,233.0469274248337,-41.28017408697192,11.834564108626328,1.0,0.5,2.0,8.2741785,168.9965073189456
Star-82,289.2373736967538,5.14437331543419,5.918781039368104,289.2373736967538,5.14437331543419,11.837562078736209,1.0,0.5,2.0,14.3032875,168.95370741857366
Star-83,12.285227381524424,57.81272812559009,5.923042138328477,12.285227381524424,57.81272812559009,11.846084276656955,1.0,0.5,2.0,3.3200667,168.83216034019418
Star-84,12.281184764215306,57.815739188554126,5.927030155764452,12.281184764215306,57.815739188554126,11.854060311528904,1.0,0.5,2.0,6.762044,168.71856118825883
Star-85,258.83511696459266,-26.60789783205067,5.947768672408884,258.83511696459266,-26.60789783205067,11.895537344817768,1.0,0.5,2.0,4.828591,168.13027793748972
Star-86,258.83412017812816,-26.606806615399403,5.952271867918357,258.83412017812816,-26.606806615399403,11.904543735836715,1.0,0.5,2.0,4.831335,168.003078856296
Star-87,259.05329410009625,-26.551146094884785,5.953738988087766,259.05329410009625,-26.551146094884785,11.907477976175532,1.0,0.5,2.0,5.889863,167.9616795430231
Star-88,116.1658359308822,3.5504844454883244,5.988852474811047,116.1658359308822,3.5504844454883244,11.977704949622094,1.0,0.5,2.0,9.692206,166.97689652666736
Star-89,302.8022690433109,-36.10821653736984,6.01224558742964,302.8022690433109,-36.10821653736984,12.02449117485928,1.0,0.5,2.0,5.033037,166.3272042796776
Star-90,50.00034361894219,-43.06655252783423,6.041412326770681,50.00034361894219,-43.06655252783423,12.082824653541362,1.0,0.5,2.0,4.063915,165.5242095575573
Star-91,107.50514340448905,38.52526941964586,6.052730195481905,107.50514340448905,38.52526941964586,12.10546039096381,1.0,0.5,2.0,9.934659,165.2146994337292
Star-92,302.19503988923026,-66.18709128441725,6.099256325704463,302.19503988923026,-66.18709128441725,12.198512651408926,1.0,0.5,2.0,3.3641381,163.9544145383167
Star-93,24.24124978791965,9.563070454755836,6.118159561774398,24.24124978791965,9.563070454755836,12.236319123548796,1.0,0.5,2.0,19.461197,163.44784569658697
Star-94,303.4773905559996,-45.16473054247641,6.164578207302766,303.4773905559996,-45.16473054247641,12.329156414605531,1.0,0.5,2.0,7.2426615,162.2171000791857
Star-95,267.01612290514834,70.88157381434476,6.211363574721487,267.01612290514834,70.88157381434476,12.422727149442974,1.0,0.5,2.0,13.778201,160.99524492008814
Star-96,218.5684317569689,-12.516923853592898,6.25302694251758,218.5684317569689,-12.516923853592898,12.50605388503516,1.0,0.5,2.0,9.894982,159.9225477824956
Star-97,352.9716753030632,19.937313746866927,6.253577810127021,352.9716753030632,19.937313746866927,12.507155620254043,1.0,0.5,2.0,10.828941,159.90846046252173
Star-98,352.97012375450475,19.93699282660293,6.263176469198987,352.97012375450475,19.93699282660293,12.526352938397974,1.0,0.5,2.0,9.043998,159.66339203721853
Star-99,229.8563013332923,-7.722707024157902,6.300471781360879,229.8563013332923,-7.722707024157902,12.600943562721758,1.0,0.5,2.0,9.421787,158.71827296463243
